index,path,title,size_bytes,size_human,git_blob_sha1,object_format,license_status,redistribution_approved,import_recommendation,import_reason,exact_duplicate_of,probable_duplicate_of,ocr_need_estimate,ocr_estimate_confidence,language_estimate,blob_api_url,raw_url
1,Active Visual Inference of Surface Shape - Roberto Cipolla.pdf,Active Visual Inference of Surface Shape - Roberto Cipolla,18328934,17.5 MiB,77f32883c7d7a5a66acc4b787afd9ff863f2a41a,sha1,unknown,False,skip,unknown copyright/license status; do not redistribute or import,,,unknown,low,en,https://api.github.com/repos/jimmyval92/robotics_ebooks/git/blobs/77f32883c7d7a5a66acc4b787afd9ff863f2a41a,https://github.com/jimmyval92/robotics_ebooks/raw/5441f772ac826b903eda1daf9a9e5adf0e6c3ac2/Active%20Visual%20Inference%20of%20Surface%20Shape%20-%20Roberto%20Cipolla.pdf
2,Adaptive Motion of Animals and Machines - Hiroshi Kimura et al (Eds).pdf,Adaptive Motion of Animals and Machines - Hiroshi Kimura et al (Eds),8111394,7.7 MiB,1774251ca4f33bc5103e689c1634501a8c4dd6a1,sha1,unknown,False,skip,unknown copyright/license status; do not redistribute or import,,,unknown,low,en,https://api.github.com/repos/jimmyval92/robotics_ebooks/git/blobs/1774251ca4f33bc5103e689c1634501a8c4dd6a1,https://github.com/jimmyval92/robotics_ebooks/raw/5441f772ac826b903eda1daf9a9e5adf0e6c3ac2/Adaptive%20Motion%20of%20Animals%20and%20Machines%20-%20Hiroshi%20Kimura%20et%20al%20%28Eds%29.pdf
3,Advances in Robot Kinematics - Jadran Lenarcic and Bernard Roth (Eds).pdf,Advances in Robot Kinematics - Jadran Lenarcic and Bernard Roth (Eds),29892830,28.5 MiB,0d3e3163c5d2bfed489725eb1bff7930b36c8399,sha1,unknown,False,skip,unknown copyright/license status; do not redistribute or import,,,unknown,low,en,https://api.github.com/repos/jimmyval92/robotics_ebooks/git/blobs/0d3e3163c5d2bfed489725eb1bff7930b36c8399,https://github.com/jimmyval92/robotics_ebooks/raw/5441f772ac826b903eda1daf9a9e5adf0e6c3ac2/Advances%20in%20Robot%20Kinematics%20-%20Jadran%20Lenarcic%20and%20Bernard%20Roth%20%28Eds%29.pdf
4,Amphibionics Build Your Own Biologically Inspired Reptilian Robot - Karl Williams.pdf,Amphibionics Build Your Own Biologically Inspired Reptilian Robot - Karl Williams,6296206,6.0 MiB,0d1f2f3ed6b5a6e597cd4a1ed801a5fa1f9ebea6,sha1,unknown,False,skip,unknown copyright/license status; do not redistribute or import,,,unknown,low,en,https://api.github.com/repos/jimmyval92/robotics_ebooks/git/blobs/0d1f2f3ed6b5a6e597cd4a1ed801a5fa1f9ebea6,https://github.com/jimmyval92/robotics_ebooks/raw/5441f772ac826b903eda1daf9a9e5adf0e6c3ac2/Amphibionics%20Build%20Your%20Own%20Biologically%20Inspired%20Reptilian%20Robot%20-%20Karl%20Williams.pdf
5,An Introduction to MEMs Engineering - Nadim Maluf and Kirt Williams.pdf,An Introduction to MEMs Engineering - Nadim Maluf and Kirt Williams,4432175,4.2 MiB,cf59751c57c8fc7141392a566adbed46bff82be5,sha1,unknown,False,skip,unknown copyright/license status; do not redistribute or import,,,unknown,low,en,https://api.github.com/repos/jimmyval92/robotics_ebooks/git/blobs/cf59751c57c8fc7141392a566adbed46bff82be5,https://github.com/jimmyval92/robotics_ebooks/raw/5441f772ac826b903eda1daf9a9e5adf0e6c3ac2/An%20Introduction%20to%20MEMs%20Engineering%20-%20Nadim%20Maluf%20and%20Kirt%20Williams.pdf
6,Anatomy of a Rrobot - Charles M Bergren.pdf,Anatomy of a Rrobot - Charles M Bergren,4615264,4.4 MiB,7115467c315368679c004fe3cfae11e2eb3f33d7,sha1,unknown,False,skip,unknown copyright/license status; do not redistribute or import,,,unknown,low,en,https://api.github.com/repos/jimmyval92/robotics_ebooks/git/blobs/7115467c315368679c004fe3cfae11e2eb3f33d7,https://github.com/jimmyval92/robotics_ebooks/raw/5441f772ac826b903eda1daf9a9e5adf0e6c3ac2/Anatomy%20of%20a%20Rrobot%20-%20Charles%20M%20Bergren.pdf
7,Artificial Mind System – Kernel Memory Approach - Tetsuya Hoya.pdf,Artificial Mind System – Kernel Memory Approach - Tetsuya Hoya,6495782,6.2 MiB,1d4823c816b7e6c29af8e38fe3f56cda91c88452,sha1,unknown,False,skip,unknown copyright/license status; do not redistribute or import,,,unknown,low,en,https://api.github.com/repos/jimmyval92/robotics_ebooks/git/blobs/1d4823c816b7e6c29af8e38fe3f56cda91c88452,https://github.com/jimmyval92/robotics_ebooks/raw/5441f772ac826b903eda1daf9a9e5adf0e6c3ac2/Artificial%20Mind%20System%20%E2%80%93%20Kernel%20Memory%20Approach%20-%20Tetsuya%20Hoya.pdf
8,Autonomous Mobile Robots - Shuzhi Sam Ge & Frank L Lewis.pdf,Autonomous Mobile Robots - Shuzhi Sam Ge & Frank L Lewis,26297158,25.1 MiB,edda84b8d006fe8a0cef4d944e76393dcf29ffd9,sha1,unknown,False,skip,unknown copyright/license status; do not redistribute or import,,,unknown,low,en,https://api.github.com/repos/jimmyval92/robotics_ebooks/git/blobs/edda84b8d006fe8a0cef4d944e76393dcf29ffd9,https://github.com/jimmyval92/robotics_ebooks/raw/5441f772ac826b903eda1daf9a9e5adf0e6c3ac2/Autonomous%20Mobile%20Robots%20-%20Shuzhi%20Sam%20Ge%20%26%20Frank%20L%20Lewis.pdf
9,Autonomous Robotic Systems - Anibal T. de Almeida and Oussama Khatib (Eds).pdf,Autonomous Robotic Systems - Anibal T. de Almeida and Oussama Khatib (Eds),17152472,16.4 MiB,c8cbd10875ec837ade7dc969967ce67015ce6322,sha1,unknown,False,skip,unknown copyright/license status; do not redistribute or import,,,unknown,low,en,https://api.github.com/repos/jimmyval92/robotics_ebooks/git/blobs/c8cbd10875ec837ade7dc969967ce67015ce6322,https://github.com/jimmyval92/robotics_ebooks/raw/5441f772ac826b903eda1daf9a9e5adf0e6c3ac2/Autonomous%20Robotic%20Systems%20-%20Anibal%20T.%20de%20Almeida%20and%20Oussama%20Khatib%20%28Eds%29.pdf
10,Bio-MEMS Technologies and Applications - Wang and Soper (Eds).pdf,Bio-MEMS Technologies and Applications - Wang and Soper (Eds),9187356,8.8 MiB,16ce9aefd986c8b14e78f68452fcf85837d2e6e1,sha1,unknown,False,skip,unknown copyright/license status; do not redistribute or import,,,unknown,low,en,https://api.github.com/repos/jimmyval92/robotics_ebooks/git/blobs/16ce9aefd986c8b14e78f68452fcf85837d2e6e1,https://github.com/jimmyval92/robotics_ebooks/raw/5441f772ac826b903eda1daf9a9e5adf0e6c3ac2/Bio-MEMS%20Technologies%20and%20Applications%20-%20Wang%20and%20Soper%20%28Eds%29.pdf
11,Biomimetics - Biologically Inspired Technologies - Yoseph Bar Cohen.pdf,Biomimetics - Biologically Inspired Technologies - Yoseph Bar Cohen,16393692,15.6 MiB,319b5259bcad759e538c7a0fbee7a8da2043b585,sha1,unknown,False,skip,unknown copyright/license status; do not redistribute or import,,,unknown,low,en,https://api.github.com/repos/jimmyval92/robotics_ebooks/git/blobs/319b5259bcad759e538c7a0fbee7a8da2043b585,https://github.com/jimmyval92/robotics_ebooks/raw/5441f772ac826b903eda1daf9a9e5adf0e6c3ac2/Biomimetics%20-%20Biologically%20Inspired%20Technologies%20-%20Yoseph%20Bar%20Cohen.pdf
12,Build Your Own Combat Robot - Pete Miles.pdf,Build Your Own Combat Robot - Pete Miles,7974391,7.6 MiB,3f5357f16bbfb9b7f5df1bca6b06563b66dd7b92,sha1,unknown,False,skip,unknown copyright/license status; do not redistribute or import,,,unknown,low,en,https://api.github.com/repos/jimmyval92/robotics_ebooks/git/blobs/3f5357f16bbfb9b7f5df1bca6b06563b66dd7b92,https://github.com/jimmyval92/robotics_ebooks/raw/5441f772ac826b903eda1daf9a9e5adf0e6c3ac2/Build%20Your%20Own%20Combat%20Robot%20-%20Pete%20Miles.pdf
13,Build a Remote Controlled Robot - David R Shircliff.pdf,Build a Remote Controlled Robot - David R Shircliff,1869979,1.8 MiB,2af92ee66a018db9ca1953ae2aeff6c7e5e0a148,sha1,unknown,False,skip,unknown copyright/license status; do not redistribute or import,,,likely_text_native,low,en,https://api.github.com/repos/jimmyval92/robotics_ebooks/git/blobs/2af92ee66a018db9ca1953ae2aeff6c7e5e0a148,https://github.com/jimmyval92/robotics_ebooks/raw/5441f772ac826b903eda1daf9a9e5adf0e6c3ac2/Build%20a%20Remote%20Controlled%20Robot%20-%20David%20R%20Shircliff.pdf
14,CNC Robotics - Geoff Williams.pdf,CNC Robotics - Geoff Williams,58545426,55.8 MiB,f2b17200c65061a7e7b7e145b5b1f81ccc24e446,sha1,unknown,False,skip,unknown copyright/license status; do not redistribute or import,,,likely_scanned_or_image_heavy,low,en,https://api.github.com/repos/jimmyval92/robotics_ebooks/git/blobs/f2b17200c65061a7e7b7e145b5b1f81ccc24e446,https://github.com/jimmyval92/robotics_ebooks/raw/5441f772ac826b903eda1daf9a9e5adf0e6c3ac2/CNC%20Robotics%20-%20Geoff%20Williams.pdf
15,CRC Press - Mechanical Engineering Handbook - Robotics.pdf,CRC Press - Mechanical Engineering Handbook - Robotics,1620449,1.5 MiB,add17d77268146b0f4540b1e767a8232a55924d0,sha1,unknown,False,skip,unknown copyright/license status; do not redistribute or import,,,likely_text_native,low,en,https://api.github.com/repos/jimmyval92/robotics_ebooks/git/blobs/add17d77268146b0f4540b1e767a8232a55924d0,https://github.com/jimmyval92/robotics_ebooks/raw/5441f772ac826b903eda1daf9a9e5adf0e6c3ac2/CRC%20Press%20-%20Mechanical%20Engineering%20Handbook%20-%20Robotics.pdf
16,CRC Press - Opto-Mechatronic Systems Handbook.pdf,CRC Press - Opto-Mechatronic Systems Handbook,57015311,54.4 MiB,ef45f3324e3b5bf6c06038dc562b706f15af513b,sha1,unknown,False,skip,unknown copyright/license status; do not redistribute or import,,,likely_scanned_or_image_heavy,low,en,https://api.github.com/repos/jimmyval92/robotics_ebooks/git/blobs/ef45f3324e3b5bf6c06038dc562b706f15af513b,https://github.com/jimmyval92/robotics_ebooks/raw/5441f772ac826b903eda1daf9a9e5adf0e6c3ac2/CRC%20Press%20-%20Opto-Mechatronic%20Systems%20Handbook.pdf
17,CRC Press - Robotics and Automation Handbook.pdf,CRC Press - Robotics and Automation Handbook,25443763,24.3 MiB,0878c5f2f001694417326997c0af5b74ac947d1b,sha1,unknown,False,skip,unknown copyright/license status; do not redistribute or import,,,unknown,low,en,https://api.github.com/repos/jimmyval92/robotics_ebooks/git/blobs/0878c5f2f001694417326997c0af5b74ac947d1b,https://github.com/jimmyval92/robotics_ebooks/raw/5441f772ac826b903eda1daf9a9e5adf0e6c3ac2/CRC%20Press%20-%20Robotics%20and%20Automation%20Handbook.pdf
18,CRC Press - The Mechatronics Handbook.pdf,CRC Press - The Mechatronics Handbook,51784719,49.4 MiB,737ccd991a529096c9e8555c2fee1a082a5afc10,sha1,unknown,False,skip,unknown copyright/license status; do not redistribute or import,,,likely_scanned_or_image_heavy,low,en,https://api.github.com/repos/jimmyval92/robotics_ebooks/git/blobs/737ccd991a529096c9e8555c2fee1a082a5afc10,https://github.com/jimmyval92/robotics_ebooks/raw/5441f772ac826b903eda1daf9a9e5adf0e6c3ac2/CRC%20Press%20-%20The%20Mechatronics%20Handbook.pdf
19,Cells and Robots -  Milutinovic and Lima.pdf,Cells and Robots -  Milutinovic and Lima,6337641,6.0 MiB,905991c163751cbc27261e6f93348e686744f195,sha1,unknown,False,skip,unknown copyright/license status; do not redistribute or import,,,unknown,low,en,https://api.github.com/repos/jimmyval92/robotics_ebooks/git/blobs/905991c163751cbc27261e6f93348e686744f195,https://github.com/jimmyval92/robotics_ebooks/raw/5441f772ac826b903eda1daf9a9e5adf0e6c3ac2/Cells%20and%20Robots%20-%20%20Milutinovic%20and%20Lima.pdf
20,Complex Robotic Systems - Pasquale Chiacchio & Stefano Chiaverini (Eds).pdf,Complex Robotic Systems - Pasquale Chiacchio & Stefano Chiaverini (Eds),10416436,9.9 MiB,cc54397affccd9658e2c449d4b7c8a45b0307d1e,sha1,unknown,False,skip,unknown copyright/license status; do not redistribute or import,,,unknown,low,en,https://api.github.com/repos/jimmyval92/robotics_ebooks/git/blobs/cc54397affccd9658e2c449d4b7c8a45b0307d1e,https://github.com/jimmyval92/robotics_ebooks/raw/5441f772ac826b903eda1daf9a9e5adf0e6c3ac2/Complex%20Robotic%20Systems%20-%20Pasquale%20Chiacchio%20%26%20Stefano%20Chiaverini%20%28Eds%29.pdf
21,Concise Encyclopedia of Robotics - Stan Gibilisco.pdf,Concise Encyclopedia of Robotics - Stan Gibilisco,1792511,1.7 MiB,6bc9c098a529278ec4f3e3411aa0c6e1857c2fad,sha1,unknown,False,skip,unknown copyright/license status; do not redistribute or import,,,likely_text_native,low,en,https://api.github.com/repos/jimmyval92/robotics_ebooks/git/blobs/6bc9c098a529278ec4f3e3411aa0c6e1857c2fad,https://github.com/jimmyval92/robotics_ebooks/raw/5441f772ac826b903eda1daf9a9e5adf0e6c3ac2/Concise%20Encyclopedia%20of%20Robotics%20-%20Stan%20Gibilisco.pdf
22,Control Problems in Robotics and Automation - B. Siciliano and K.P. Valavanis (Eds).pdf,Control Problems in Robotics and Automation - B. Siciliano and K.P. Valavanis (Eds),15827933,15.1 MiB,70023cea835fc936a2a98ca3c1d2a8acaf88d56e,sha1,unknown,False,skip,unknown copyright/license status; do not redistribute or import,,,unknown,low,en,https://api.github.com/repos/jimmyval92/robotics_ebooks/git/blobs/70023cea835fc936a2a98ca3c1d2a8acaf88d56e,https://github.com/jimmyval92/robotics_ebooks/raw/5441f772ac826b903eda1daf9a9e5adf0e6c3ac2/Control%20Problems%20in%20Robotics%20and%20Automation%20-%20B.%20Siciliano%20and%20K.P.%20Valavanis%20%28Eds%29.pdf
23,Control of Intelligent Robotic Interfaces - Cristian Secchi.pdf,Control of Intelligent Robotic Interfaces - Cristian Secchi,2355460,2.2 MiB,31436b071945273c1d54bbd5324f949cc8d04f94,sha1,unknown,False,skip,unknown copyright/license status; do not redistribute or import,,,unknown,low,en,https://api.github.com/repos/jimmyval92/robotics_ebooks/git/blobs/31436b071945273c1d54bbd5324f949cc8d04f94,https://github.com/jimmyval92/robotics_ebooks/raw/5441f772ac826b903eda1daf9a9e5adf0e6c3ac2/Control%20of%20Intelligent%20Robotic%20Interfaces%20-%20Cristian%20Secchi.pdf
24,Control of Redundant Robot Manipulators - R.V. Patel and F. Shadpey.pdf,Control of Redundant Robot Manipulators - R.V. Patel and F. Shadpey,4713223,4.5 MiB,c38bf8259ddddd5f95d826f055e7de36016a501f,sha1,unknown,False,skip,unknown copyright/license status; do not redistribute or import,,,unknown,low,en,https://api.github.com/repos/jimmyval92/robotics_ebooks/git/blobs/c38bf8259ddddd5f95d826f055e7de36016a501f,https://github.com/jimmyval92/robotics_ebooks/raw/5441f772ac826b903eda1daf9a9e5adf0e6c3ac2/Control%20of%20Redundant%20Robot%20Manipulators%20-%20R.V.%20Patel%20and%20F.%20Shadpey.pdf
25,"Control of Robot Manipulators in Joint Space - R. Kelly, V. Santibanez and A. Loria.pdf","Control of Robot Manipulators in Joint Space - R. Kelly, V. Santibanez and A. Loria",3815163,3.6 MiB,b1ea2a3abe35304f3229f97067f790d83e2e0f02,sha1,unknown,False,skip,unknown copyright/license status; do not redistribute or import,,,unknown,low,en,https://api.github.com/repos/jimmyval92/robotics_ebooks/git/blobs/b1ea2a3abe35304f3229f97067f790d83e2e0f02,https://github.com/jimmyval92/robotics_ebooks/raw/5441f772ac826b903eda1daf9a9e5adf0e6c3ac2/Control%20of%20Robot%20Manipulators%20in%20Joint%20Space%20-%20R.%20Kelly%2C%20V.%20Santibanez%20and%20A.%20Loria.pdf
26,Control of Single Wheel Robots - Yangsheng Xu & Yongsheng Ou.pdf,Control of Single Wheel Robots - Yangsheng Xu & Yongsheng Ou,5412184,5.2 MiB,1bbf751a1003400c3202c443cfb24b5c43d4e3bf,sha1,unknown,False,skip,unknown copyright/license status; do not redistribute or import,,,unknown,low,en,https://api.github.com/repos/jimmyval92/robotics_ebooks/git/blobs/1bbf751a1003400c3202c443cfb24b5c43d4e3bf,https://github.com/jimmyval92/robotics_ebooks/raw/5441f772ac826b903eda1daf9a9e5adf0e6c3ac2/Control%20of%20Single%20Wheel%20Robots%20-%20Yangsheng%20Xu%20%26%20Yongsheng%20Ou.pdf
27,Designing Mobile Autonomous Robots - John Holland.pdf,Designing Mobile Autonomous Robots - John Holland,7336871,7.0 MiB,bf8154f8b5e14883526dd0c956825a750e85b316,sha1,unknown,False,skip,unknown copyright/license status; do not redistribute or import,,,unknown,low,en,https://api.github.com/repos/jimmyval92/robotics_ebooks/git/blobs/bf8154f8b5e14883526dd0c956825a750e85b316,https://github.com/jimmyval92/robotics_ebooks/raw/5441f772ac826b903eda1daf9a9e5adf0e6c3ac2/Designing%20Mobile%20Autonomous%20Robots%20-%20John%20Holland.pdf
28,Designing Sociable Robots - Cynthia L Breazeal.pdf,Designing Sociable Robots - Cynthia L Breazeal,3397273,3.2 MiB,f65ef841515deccc6e839fead38dd97285aa8603,sha1,unknown,False,skip,unknown copyright/license status; do not redistribute or import,,,unknown,low,en,https://api.github.com/repos/jimmyval92/robotics_ebooks/git/blobs/f65ef841515deccc6e839fead38dd97285aa8603,https://github.com/jimmyval92/robotics_ebooks/raw/5441f772ac826b903eda1daf9a9e5adf0e6c3ac2/Designing%20Sociable%20Robots%20-%20Cynthia%20L%20Breazeal.pdf
29,Dynamic Vision for Perception and Control of Motion - Ernst D. Dickmanns.pdf,Dynamic Vision for Perception and Control of Motion - Ernst D. Dickmanns,8888292,8.5 MiB,126f63ca70ca63d4c086fd52d4a928b13ad1237f,sha1,unknown,False,skip,unknown copyright/license status; do not redistribute or import,,,unknown,low,en,https://api.github.com/repos/jimmyval92/robotics_ebooks/git/blobs/126f63ca70ca63d4c086fd52d4a928b13ad1237f,https://github.com/jimmyval92/robotics_ebooks/raw/5441f772ac826b903eda1daf9a9e5adf0e6c3ac2/Dynamic%20Vision%20for%20Perception%20and%20Control%20of%20Motion%20-%20Ernst%20D.%20Dickmanns.pdf
30,Effective Computational Geometry for Curves & Surfaces - Boissonnat & Teillaud.pdf,Effective Computational Geometry for Curves & Surfaces - Boissonnat & Teillaud,5991788,5.7 MiB,bccd2c78f18411c84e7edee83a5f7554d4672727,sha1,unknown,False,skip,unknown copyright/license status; do not redistribute or import,,,unknown,low,en,https://api.github.com/repos/jimmyval92/robotics_ebooks/git/blobs/bccd2c78f18411c84e7edee83a5f7554d4672727,https://github.com/jimmyval92/robotics_ebooks/raw/5441f772ac826b903eda1daf9a9e5adf0e6c3ac2/Effective%20Computational%20Geometry%20for%20Curves%20%26%20Surfaces%20-%20Boissonnat%20%26%20Teillaud.pdf
31,Efficient Collision Detection for Animation and Robotics - Ming C Lin.pdf,Efficient Collision Detection for Animation and Robotics - Ming C Lin,837503,817.9 KiB,944d2f0d35b30cde9d07b090bebfbe4606cd2229,sha1,unknown,False,skip,unknown copyright/license status; do not redistribute or import,,,likely_text_native,low,en,https://api.github.com/repos/jimmyval92/robotics_ebooks/git/blobs/944d2f0d35b30cde9d07b090bebfbe4606cd2229,https://github.com/jimmyval92/robotics_ebooks/raw/5441f772ac826b903eda1daf9a9e5adf0e6c3ac2/Efficient%20Collision%20Detection%20for%20Animation%20and%20Robotics%20-%20Ming%20C%20Lin.pdf
32,Electroactive Polymers for Robotic Applications - Kim & Tadokoro (Eds.).pdf,Electroactive Polymers for Robotic Applications - Kim & Tadokoro (Eds.),5053088,4.8 MiB,08c8d700ef88b1ca30f73d0212a1d10eb13f5a3d,sha1,unknown,False,skip,unknown copyright/license status; do not redistribute or import,,,unknown,low,en,https://api.github.com/repos/jimmyval92/robotics_ebooks/git/blobs/08c8d700ef88b1ca30f73d0212a1d10eb13f5a3d,https://github.com/jimmyval92/robotics_ebooks/raw/5441f772ac826b903eda1daf9a9e5adf0e6c3ac2/Electroactive%20Polymers%20for%20Robotic%20Applications%20-%20Kim%20%26%20Tadokoro%20%28Eds.%29.pdf
33,Embedded Robotics - Thomas Braunl.pdf,Embedded Robotics - Thomas Braunl,5790471,5.5 MiB,e4e366d715ae9de3c7dc7880c8d7199ae874fe99,sha1,unknown,False,skip,unknown copyright/license status; do not redistribute or import,,,unknown,low,en,https://api.github.com/repos/jimmyval92/robotics_ebooks/git/blobs/e4e366d715ae9de3c7dc7880c8d7199ae874fe99,https://github.com/jimmyval92/robotics_ebooks/raw/5441f772ac826b903eda1daf9a9e5adf0e6c3ac2/Embedded%20Robotics%20-%20Thomas%20Braunl.pdf
34,Environment Learning for Indoor Mobile Robots - Andrade Cetto & Sanfeliu.pdf,Environment Learning for Indoor Mobile Robots - Andrade Cetto & Sanfeliu,6275726,6.0 MiB,aab00eb7ce4e62781cfceac7385eeca5533fb2d3,sha1,unknown,False,skip,unknown copyright/license status; do not redistribute or import,,,unknown,low,en,https://api.github.com/repos/jimmyval92/robotics_ebooks/git/blobs/aab00eb7ce4e62781cfceac7385eeca5533fb2d3,https://github.com/jimmyval92/robotics_ebooks/raw/5441f772ac826b903eda1daf9a9e5adf0e6c3ac2/Environment%20Learning%20for%20Indoor%20Mobile%20Robots%20-%20Andrade%20Cetto%20%26%20Sanfeliu.pdf
35,Field and Service Robotics - Corke P. and Sukkarieh S.(Eds).pdf,Field and Service Robotics - Corke P. and Sukkarieh S.(Eds),86097367,82.1 MiB,9c3286e8bec0a78bd66bb340bfa04b7d2bf6575a,sha1,unknown,False,skip,unknown copyright/license status; do not redistribute or import,,,likely_scanned_or_image_heavy,low,en,https://api.github.com/repos/jimmyval92/robotics_ebooks/git/blobs/9c3286e8bec0a78bd66bb340bfa04b7d2bf6575a,https://github.com/jimmyval92/robotics_ebooks/raw/5441f772ac826b903eda1daf9a9e5adf0e6c3ac2/Field%20and%20Service%20Robotics%20-%20Corke%20P.%20and%20Sukkarieh%20S.%28Eds%29.pdf
36,Field and Service Robotics- Recent Advances - Yuta S. et al (Eds).pdf,Field and Service Robotics- Recent Advances - Yuta S. et al (Eds),68309353,65.1 MiB,f9ade0dbc402ca77597853747652e2123415ba2d,sha1,unknown,False,skip,unknown copyright/license status; do not redistribute or import,,,likely_scanned_or_image_heavy,low,en,https://api.github.com/repos/jimmyval92/robotics_ebooks/git/blobs/f9ade0dbc402ca77597853747652e2123415ba2d,https://github.com/jimmyval92/robotics_ebooks/raw/5441f772ac826b903eda1daf9a9e5adf0e6c3ac2/Field%20and%20Service%20Robotics-%20Recent%20Advances%20-%20Yuta%20S.%20et%20al%20%28Eds%29.pdf
37,Fundamentals of Robotic Mechanical Systems - Jorge Angeles.pdf,Fundamentals of Robotic Mechanical Systems - Jorge Angeles,26691422,25.5 MiB,c1745df3cfb3658d9db562067b1d5e9a254bfdc3,sha1,unknown,False,skip,unknown copyright/license status; do not redistribute or import,,,unknown,low,en,https://api.github.com/repos/jimmyval92/robotics_ebooks/git/blobs/c1745df3cfb3658d9db562067b1d5e9a254bfdc3,https://github.com/jimmyval92/robotics_ebooks/raw/5441f772ac826b903eda1daf9a9e5adf0e6c3ac2/Fundamentals%20of%20Robotic%20Mechanical%20Systems%20-%20Jorge%20Angeles.pdf
38,Fundamentals of Robotics Linking Perception to Action - Ming Xie.pdf,Fundamentals of Robotics Linking Perception to Action - Ming Xie,37262413,35.5 MiB,39a544523d3f9c2e9198bdad841a73faa35a54f0,sha1,unknown,False,skip,unknown copyright/license status; do not redistribute or import,,,likely_scanned_or_image_heavy,low,en,https://api.github.com/repos/jimmyval92/robotics_ebooks/git/blobs/39a544523d3f9c2e9198bdad841a73faa35a54f0,https://github.com/jimmyval92/robotics_ebooks/raw/5441f772ac826b903eda1daf9a9e5adf0e6c3ac2/Fundamentals%20of%20Robotics%20Linking%20Perception%20to%20Action%20-%20Ming%20Xie.pdf
39,Grippers in Motion - the Fascination of Automated Handling Tasks - Wolf.pdf,Grippers in Motion - the Fascination of Automated Handling Tasks - Wolf,17654335,16.8 MiB,1f605e66536a66c8d849dc2df4c391a16d4be808,sha1,unknown,False,skip,unknown copyright/license status; do not redistribute or import,,,unknown,low,en,https://api.github.com/repos/jimmyval92/robotics_ebooks/git/blobs/1f605e66536a66c8d849dc2df4c391a16d4be808,https://github.com/jimmyval92/robotics_ebooks/raw/5441f772ac826b903eda1daf9a9e5adf0e6c3ac2/Grippers%20in%20Motion%20-%20the%20Fascination%20of%20Automated%20Handling%20Tasks%20-%20Wolf.pdf
40,Hacking Roomba - Tod E.Kurt.pdf,Hacking Roomba - Tod E.Kurt,8252969,7.9 MiB,9874a94b93e8209d982e248d76739a1a7e2e7020,sha1,unknown,False,skip,unknown copyright/license status; do not redistribute or import,,,unknown,low,en,https://api.github.com/repos/jimmyval92/robotics_ebooks/git/blobs/9874a94b93e8209d982e248d76739a1a7e2e7020,https://github.com/jimmyval92/robotics_ebooks/raw/5441f772ac826b903eda1daf9a9e5adf0e6c3ac2/Hacking%20Roomba%20-%20Tod%20E.Kurt.pdf
41,Handbook of Geometric Computing - Eduardo Bayro Corrochano.pdf,Handbook of Geometric Computing - Eduardo Bayro Corrochano,11844795,11.3 MiB,fad522f04e3340205d623edd2896ef1eb362ed87,sha1,unknown,False,skip,unknown copyright/license status; do not redistribute or import,,,unknown,low,en,https://api.github.com/repos/jimmyval92/robotics_ebooks/git/blobs/fad522f04e3340205d623edd2896ef1eb362ed87,https://github.com/jimmyval92/robotics_ebooks/raw/5441f772ac826b903eda1daf9a9e5adf0e6c3ac2/Handbook%20of%20Geometric%20Computing%20-%20Eduardo%20Bayro%20Corrochano.pdf
42,Handbook of Industrial Automation - Richard L. Shell and Ernest L. Hall.pdf,Handbook of Industrial Automation - Richard L. Shell and Ernest L. Hall,12400482,11.8 MiB,3a6bd9d73304f44d39abdb31814632bd9f9d04f8,sha1,unknown,False,skip,unknown copyright/license status; do not redistribute or import,,,unknown,low,en,https://api.github.com/repos/jimmyval92/robotics_ebooks/git/blobs/3a6bd9d73304f44d39abdb31814632bd9f9d04f8,https://github.com/jimmyval92/robotics_ebooks/raw/5441f772ac826b903eda1daf9a9e5adf0e6c3ac2/Handbook%20of%20Industrial%20Automation%20-%20Richard%20L.%20Shell%20and%20Ernest%20L.%20Hall.pdf
43,Industrial Robots Programming - J. Norberto Pires.pdf,Industrial Robots Programming - J. Norberto Pires,20235697,19.3 MiB,3d5d924bdd094e36a50023b8586656ba7897002c,sha1,unknown,False,skip,unknown copyright/license status; do not redistribute or import,,,unknown,low,en,https://api.github.com/repos/jimmyval92/robotics_ebooks/git/blobs/3d5d924bdd094e36a50023b8586656ba7897002c,https://github.com/jimmyval92/robotics_ebooks/raw/5441f772ac826b903eda1daf9a9e5adf0e6c3ac2/Industrial%20Robots%20Programming%20-%20J.%20Norberto%20Pires.pdf
44,"Informatics in Control, Automation and Robotics I - Braz J.pdf","Informatics in Control, Automation and Robotics I - Braz J",6260443,6.0 MiB,d39bacf81e0e8f7c87834c0174353f07a30cc79f,sha1,unknown,False,skip,unknown copyright/license status; do not redistribute or import,,,unknown,low,en,https://api.github.com/repos/jimmyval92/robotics_ebooks/git/blobs/d39bacf81e0e8f7c87834c0174353f07a30cc79f,https://github.com/jimmyval92/robotics_ebooks/raw/5441f772ac826b903eda1daf9a9e5adf0e6c3ac2/Informatics%20in%20Control%2C%20Automation%20and%20Robotics%20I%20-%20Braz%20J.pdf
45,Innovations in Intelligent Machines 1 - Javaan Singh Chahl et al (Eds).pdf,Innovations in Intelligent Machines 1 - Javaan Singh Chahl et al (Eds),12261089,11.7 MiB,be8f3f131cd37d0c7f97ead8c0a3918234e787f3,sha1,unknown,False,skip,unknown copyright/license status; do not redistribute or import,,,unknown,low,en,https://api.github.com/repos/jimmyval92/robotics_ebooks/git/blobs/be8f3f131cd37d0c7f97ead8c0a3918234e787f3,https://github.com/jimmyval92/robotics_ebooks/raw/5441f772ac826b903eda1daf9a9e5adf0e6c3ac2/Innovations%20in%20Intelligent%20Machines%201%20-%20Javaan%20Singh%20Chahl%20et%20al%20%28Eds%29.pdf
46,Innovations in Robot Mobility and Control - Srikanta Patnaik et al (Eds).pdf,Innovations in Robot Mobility and Control - Srikanta Patnaik et al (Eds),7039179,6.7 MiB,34db7c5aef1d240e38e040da66f9b4edec8cb918,sha1,unknown,False,skip,unknown copyright/license status; do not redistribute or import,,,unknown,low,en,https://api.github.com/repos/jimmyval92/robotics_ebooks/git/blobs/34db7c5aef1d240e38e040da66f9b4edec8cb918,https://github.com/jimmyval92/robotics_ebooks/raw/5441f772ac826b903eda1daf9a9e5adf0e6c3ac2/Innovations%20in%20Robot%20Mobility%20and%20Control%20-%20Srikanta%20Patnaik%20et%20al%20%28Eds%29.pdf
47,Intelligent Autonomous Robotics - A Robot Soccer Case Study - Peter Stone.pdf,Intelligent Autonomous Robotics - A Robot Soccer Case Study - Peter Stone,1955314,1.9 MiB,ccefe9c02d39fffdaadcb2a61f5eccb9b8669354,sha1,unknown,False,skip,unknown copyright/license status; do not redistribute or import,,,likely_text_native,low,en,https://api.github.com/repos/jimmyval92/robotics_ebooks/git/blobs/ccefe9c02d39fffdaadcb2a61f5eccb9b8669354,https://github.com/jimmyval92/robotics_ebooks/raw/5441f772ac826b903eda1daf9a9e5adf0e6c3ac2/Intelligent%20Autonomous%20Robotics%20-%20A%20Robot%20Soccer%20Case%20Study%20-%20Peter%20Stone.pdf
48,Introduction to AI Robotics - Murphy R.R.pdf,Introduction to AI Robotics - Murphy R.R,14158126,13.5 MiB,6454d9d360680e4783a964bba5866ade4a5d8fd8,sha1,unknown,False,skip,unknown copyright/license status; do not redistribute or import,,,unknown,low,en,https://api.github.com/repos/jimmyval92/robotics_ebooks/git/blobs/6454d9d360680e4783a964bba5866ade4a5d8fd8,https://github.com/jimmyval92/robotics_ebooks/raw/5441f772ac826b903eda1daf9a9e5adf0e6c3ac2/Introduction%20to%20AI%20Robotics%20-%20Murphy%20R.R.pdf
49,Introduction to Autonomous Mobile Robots - Siegwart Nourbakhsh.pdf,Introduction to Autonomous Mobile Robots - Siegwart Nourbakhsh,8292025,7.9 MiB,31241eb9d9ede091206b1455fdf26338a1a6d273,sha1,unknown,False,skip,unknown copyright/license status; do not redistribute or import,,,unknown,low,en,https://api.github.com/repos/jimmyval92/robotics_ebooks/git/blobs/31241eb9d9ede091206b1455fdf26338a1a6d273,https://github.com/jimmyval92/robotics_ebooks/raw/5441f772ac826b903eda1daf9a9e5adf0e6c3ac2/Introduction%20to%20Autonomous%20Mobile%20Robots%20-%20Siegwart%20Nourbakhsh.pdf
50,LEGO MINDSTORMS -  Robotics Invention System-2  Projects.pdf,LEGO MINDSTORMS -  Robotics Invention System-2  Projects,33037341,31.5 MiB,11053d9b97c348a1f874d8eba92d86f3cfcfe68f,sha1,unknown,False,skip,unknown copyright/license status; do not redistribute or import,,,unknown,low,en,https://api.github.com/repos/jimmyval92/robotics_ebooks/git/blobs/11053d9b97c348a1f874d8eba92d86f3cfcfe68f,https://github.com/jimmyval92/robotics_ebooks/raw/5441f772ac826b903eda1daf9a9e5adf0e6c3ac2/LEGO%20MINDSTORMS%20-%20%20Robotics%20Invention%20System-2%20%20Projects.pdf
51,LEGO MINDSTORMS - Building Robots.pdf,LEGO MINDSTORMS - Building Robots,14890421,14.2 MiB,40a1056624b2086d26f121f96dc6f1642d2587b6,sha1,unknown,False,skip,unknown copyright/license status; do not redistribute or import,,,unknown,low,en,https://api.github.com/repos/jimmyval92/robotics_ebooks/git/blobs/40a1056624b2086d26f121f96dc6f1642d2587b6,https://github.com/jimmyval92/robotics_ebooks/raw/5441f772ac826b903eda1daf9a9e5adf0e6c3ac2/LEGO%20MINDSTORMS%20-%20Building%20Robots.pdf
52,LEGO MINDSTORMS - Dark Side Robots Transports and Creatures.pdf,LEGO MINDSTORMS - Dark Side Robots Transports and Creatures,30676623,29.3 MiB,78b284eb46358a7d24112ba72659338b4aa6c7d0,sha1,unknown,False,skip,unknown copyright/license status; do not redistribute or import,,,unknown,low,en,https://api.github.com/repos/jimmyval92/robotics_ebooks/git/blobs/78b284eb46358a7d24112ba72659338b4aa6c7d0,https://github.com/jimmyval92/robotics_ebooks/raw/5441f772ac826b903eda1daf9a9e5adf0e6c3ac2/LEGO%20MINDSTORMS%20-%20Dark%20Side%20Robots%20Transports%20and%20Creatures.pdf
53,LEGO MINDSTORMS - The Unofficial Guide to Robots - Jonathan B. Knudsen.pdf,LEGO MINDSTORMS - The Unofficial Guide to Robots - Jonathan B. Knudsen,4124249,3.9 MiB,070d5d8b64deda6c08a4536b05a5bebd305d054e,sha1,unknown,False,skip,unknown copyright/license status; do not redistribute or import,,,unknown,low,en,https://api.github.com/repos/jimmyval92/robotics_ebooks/git/blobs/070d5d8b64deda6c08a4536b05a5bebd305d054e,https://github.com/jimmyval92/robotics_ebooks/raw/5441f772ac826b903eda1daf9a9e5adf0e6c3ac2/LEGO%20MINDSTORMS%20-%20The%20Unofficial%20Guide%20to%20Robots%20-%20Jonathan%20B.%20Knudsen.pdf
54,LEGO Mindstorms Masterpieces - Building and Programming Advanced Robots.pdf,LEGO Mindstorms Masterpieces - Building and Programming Advanced Robots,19597710,18.7 MiB,2e90d7538d8b34a505fcd0ed54bead32caab86b7,sha1,unknown,False,skip,unknown copyright/license status; do not redistribute or import,,,unknown,low,en,https://api.github.com/repos/jimmyval92/robotics_ebooks/git/blobs/2e90d7538d8b34a505fcd0ed54bead32caab86b7,https://github.com/jimmyval92/robotics_ebooks/raw/5441f772ac826b903eda1daf9a9e5adf0e6c3ac2/LEGO%20Mindstorms%20Masterpieces%20-%20Building%20and%20Programming%20Advanced%20Robots.pdf
55,MEMS Advanced Materials and Fabrication Methods - Nat. Aca.  Press.pdf,MEMS Advanced Materials and Fabrication Methods - Nat. Aca.  Press,7263106,6.9 MiB,7fdb80c2e2f2a198c897153efd827be7cb1b7edc,sha1,unknown,False,skip,unknown copyright/license status; do not redistribute or import,,,unknown,low,en,https://api.github.com/repos/jimmyval92/robotics_ebooks/git/blobs/7fdb80c2e2f2a198c897153efd827be7cb1b7edc,https://github.com/jimmyval92/robotics_ebooks/raw/5441f772ac826b903eda1daf9a9e5adf0e6c3ac2/MEMS%20Advanced%20Materials%20and%20Fabrication%20Methods%20-%20Nat.%20Aca.%20%20Press.pdf
56,MEMS Mechanical Sensors - Stephen Beeby.pdf,MEMS Mechanical Sensors - Stephen Beeby,4263300,4.1 MiB,5fe4a048813200a086ae62dee6094005330bb52c,sha1,unknown,False,skip,unknown copyright/license status; do not redistribute or import,,,unknown,low,en,https://api.github.com/repos/jimmyval92/robotics_ebooks/git/blobs/5fe4a048813200a086ae62dee6094005330bb52c,https://github.com/jimmyval92/robotics_ebooks/raw/5441f772ac826b903eda1daf9a9e5adf0e6c3ac2/MEMS%20Mechanical%20Sensors%20-%20Stephen%20Beeby.pdf
57,MEMS and Microstructures in Aerospace Applications - Robert Osiander et al (Eds).pdf,MEMS and Microstructures in Aerospace Applications - Robert Osiander et al (Eds),12856754,12.3 MiB,54f4d059d30680737165e18bc2f715d4e8df74a2,sha1,unknown,False,skip,unknown copyright/license status; do not redistribute or import,,,unknown,low,en,https://api.github.com/repos/jimmyval92/robotics_ebooks/git/blobs/54f4d059d30680737165e18bc2f715d4e8df74a2,https://github.com/jimmyval92/robotics_ebooks/raw/5441f772ac826b903eda1daf9a9e5adf0e6c3ac2/MEMS%20and%20Microstructures%20in%20Aerospace%20Applications%20-%20Robert%20Osiander%20et%20al%20%28Eds%29.pdf
58,Machine Learning and Robot Perception - Bruno Apolloni et al (Eds).pdf,Machine Learning and Robot Perception - Bruno Apolloni et al (Eds),27148229,25.9 MiB,b448a8f1351d238980261ccd4e0980b9673c2896,sha1,unknown,False,skip,unknown copyright/license status; do not redistribute or import,,,unknown,low,en,https://api.github.com/repos/jimmyval92/robotics_ebooks/git/blobs/b448a8f1351d238980261ccd4e0980b9673c2896,https://github.com/jimmyval92/robotics_ebooks/raw/5441f772ac826b903eda1daf9a9e5adf0e6c3ac2/Machine%20Learning%20and%20Robot%20Perception%20-%20Bruno%20Apolloni%20et%20al%20%28Eds%29.pdf
59,Machine Vision - David Vernon.pdf,Machine Vision - David Vernon,38449965,36.7 MiB,df585c175efefdec7c237cd17b1eec329e4793a8,sha1,unknown,False,skip,unknown copyright/license status; do not redistribute or import,,,likely_scanned_or_image_heavy,low,en,https://api.github.com/repos/jimmyval92/robotics_ebooks/git/blobs/df585c175efefdec7c237cd17b1eec329e4793a8,https://github.com/jimmyval92/robotics_ebooks/raw/5441f772ac826b903eda1daf9a9e5adf0e6c3ac2/Machine%20Vision%20-%20David%20Vernon.pdf
60,Mechanics of Microelectromechanical Systems - N.Lobontiu and E.Garcia.pdf,Mechanics of Microelectromechanical Systems - N.Lobontiu and E.Garcia,12508119,11.9 MiB,5852a6c3bcffe1c26f7e4f1fb38e283a146fcaae,sha1,unknown,False,skip,unknown copyright/license status; do not redistribute or import,,,unknown,low,en,https://api.github.com/repos/jimmyval92/robotics_ebooks/git/blobs/5852a6c3bcffe1c26f7e4f1fb38e283a146fcaae,https://github.com/jimmyval92/robotics_ebooks/raw/5441f772ac826b903eda1daf9a9e5adf0e6c3ac2/Mechanics%20of%20Microelectromechanical%20Systems%20-%20N.Lobontiu%20and%20E.Garcia.pdf
61,Mechantronics An Introduction - Robert H Bishop.pdf,Mechantronics An Introduction - Robert H Bishop,15556197,14.8 MiB,442016eb434a32faae9bc5ef66eabbadcce9580c,sha1,unknown,False,skip,unknown copyright/license status; do not redistribute or import,,,unknown,low,en,https://api.github.com/repos/jimmyval92/robotics_ebooks/git/blobs/442016eb434a32faae9bc5ef66eabbadcce9580c,https://github.com/jimmyval92/robotics_ebooks/raw/5441f772ac826b903eda1daf9a9e5adf0e6c3ac2/Mechantronics%20An%20Introduction%20-%20Robert%20H%20Bishop.pdf
62,Mechatronic Servo System Control - M. Nakamura S. Goto and  N. Kyura.pdf,Mechatronic Servo System Control - M. Nakamura S. Goto and  N. Kyura,6686864,6.4 MiB,9f8ddffb18d6e4bc47057d427c0f80289fc56240,sha1,unknown,False,skip,unknown copyright/license status; do not redistribute or import,,,unknown,low,en,https://api.github.com/repos/jimmyval92/robotics_ebooks/git/blobs/9f8ddffb18d6e4bc47057d427c0f80289fc56240,https://github.com/jimmyval92/robotics_ebooks/raw/5441f772ac826b903eda1daf9a9e5adf0e6c3ac2/Mechatronic%20Servo%20System%20Control%20-%20M.%20Nakamura%20S.%20Goto%20and%20%20N.%20Kyura.pdf
63,Mechatronic Systems - Georg Pelz.pdf,Mechatronic Systems - Georg Pelz,3118901,3.0 MiB,fb789e6af0a62648229c882e5014852eef4f2e55,sha1,unknown,False,skip,unknown copyright/license status; do not redistribute or import,,,unknown,low,en,https://api.github.com/repos/jimmyval92/robotics_ebooks/git/blobs/fb789e6af0a62648229c882e5014852eef4f2e55,https://github.com/jimmyval92/robotics_ebooks/raw/5441f772ac826b903eda1daf9a9e5adf0e6c3ac2/Mechatronic%20Systems%20-%20Georg%20Pelz.pdf
64,Mechatronics - A Preumont.pdf,Mechatronics - A Preumont,2217641,2.1 MiB,3005c86a1e56eac7dfdabf4908ba4e4917ff0a41,sha1,unknown,False,skip,unknown copyright/license status; do not redistribute or import,,,unknown,low,en,https://api.github.com/repos/jimmyval92/robotics_ebooks/git/blobs/3005c86a1e56eac7dfdabf4908ba4e4917ff0a41,https://github.com/jimmyval92/robotics_ebooks/raw/5441f772ac826b903eda1daf9a9e5adf0e6c3ac2/Mechatronics%20-%20A%20Preumont.pdf
65,"Mechatronics for Safety, Security and Dependability in a New Era - Arai and Arai.pdf","Mechatronics for Safety, Security and Dependability in a New Era - Arai and Arai",53266195,50.8 MiB,cc99d83a276d561706961f69b864d34189e87e72,sha1,unknown,False,skip,unknown copyright/license status; do not redistribute or import,,,likely_scanned_or_image_heavy,low,en,https://api.github.com/repos/jimmyval92/robotics_ebooks/git/blobs/cc99d83a276d561706961f69b864d34189e87e72,https://github.com/jimmyval92/robotics_ebooks/raw/5441f772ac826b903eda1daf9a9e5adf0e6c3ac2/Mechatronics%20for%20Safety%2C%20Security%20and%20Dependability%20in%20a%20New%20Era%20-%20Arai%20and%20Arai.pdf
66,Micro Electro Mechanical System Design - James J. Allen.pdf,Micro Electro Mechanical System Design - James J. Allen,18854085,18.0 MiB,e1af5e79e62f6db492cc403bbe20ab0e38693daa,sha1,unknown,False,skip,unknown copyright/license status; do not redistribute or import,,,unknown,low,en,https://api.github.com/repos/jimmyval92/robotics_ebooks/git/blobs/e1af5e79e62f6db492cc403bbe20ab0e38693daa,https://github.com/jimmyval92/robotics_ebooks/raw/5441f772ac826b903eda1daf9a9e5adf0e6c3ac2/Micro%20Electro%20Mechanical%20System%20Design%20-%20James%20J.%20Allen.pdf
67,Microengineering MEMs and Interfacing - Danny Banks.pdf,Microengineering MEMs and Interfacing - Danny Banks,9065410,8.6 MiB,a1c8743d891391339ea8048b90d372e7eb37bcae,sha1,unknown,False,skip,unknown copyright/license status; do not redistribute or import,,,unknown,low,en,https://api.github.com/repos/jimmyval92/robotics_ebooks/git/blobs/a1c8743d891391339ea8048b90d372e7eb37bcae,https://github.com/jimmyval92/robotics_ebooks/raw/5441f772ac826b903eda1daf9a9e5adf0e6c3ac2/Microengineering%20MEMs%20and%20Interfacing%20-%20Danny%20Banks.pdf
68,Micromechanical Photonics - H. Ukita.pdf,Micromechanical Photonics - H. Ukita,15494084,14.8 MiB,e78d17c38789ff703b350d365c8a885cb8d39d76,sha1,unknown,False,skip,unknown copyright/license status; do not redistribute or import,,,unknown,low,en,https://api.github.com/repos/jimmyval92/robotics_ebooks/git/blobs/e78d17c38789ff703b350d365c8a885cb8d39d76,https://github.com/jimmyval92/robotics_ebooks/raw/5441f772ac826b903eda1daf9a9e5adf0e6c3ac2/Micromechanical%20Photonics%20-%20H.%20Ukita.pdf
69,"Microsensors, MEMS and Smart Devices  - Gardner Varadhan and Awadelkarim.pdf","Microsensors, MEMS and Smart Devices  - Gardner Varadhan and Awadelkarim",41678305,39.7 MiB,919c493f30141492993f420d2f56a6c0cce20393,sha1,unknown,False,skip,unknown copyright/license status; do not redistribute or import,,,likely_scanned_or_image_heavy,low,en,https://api.github.com/repos/jimmyval92/robotics_ebooks/git/blobs/919c493f30141492993f420d2f56a6c0cce20393,https://github.com/jimmyval92/robotics_ebooks/raw/5441f772ac826b903eda1daf9a9e5adf0e6c3ac2/Microsensors%2C%20MEMS%20and%20Smart%20Devices%20%20-%20Gardner%20Varadhan%20and%20Awadelkarim.pdf
70,Mobile Robots Inspiration to Implementation - Flynn and Jones.pdf,Mobile Robots Inspiration to Implementation - Flynn and Jones,34366706,32.8 MiB,62db89b7a145ade26dee1722dbdbc9fdcec7b914,sha1,unknown,False,skip,unknown copyright/license status; do not redistribute or import,,,likely_scanned_or_image_heavy,low,en,https://api.github.com/repos/jimmyval92/robotics_ebooks/git/blobs/62db89b7a145ade26dee1722dbdbc9fdcec7b914,https://github.com/jimmyval92/robotics_ebooks/raw/5441f772ac826b903eda1daf9a9e5adf0e6c3ac2/Mobile%20Robots%20Inspiration%20to%20Implementation%20-%20Flynn%20and%20Jones.pdf
71,Modern Robotics Building Versatile Macines - Harry Henderson.pdf,Modern Robotics Building Versatile Macines - Harry Henderson,5539146,5.3 MiB,227f6115fef7260f3eef42181f4b2b13db00546c,sha1,unknown,False,skip,unknown copyright/license status; do not redistribute or import,,,unknown,low,en,https://api.github.com/repos/jimmyval92/robotics_ebooks/git/blobs/227f6115fef7260f3eef42181f4b2b13db00546c,https://github.com/jimmyval92/robotics_ebooks/raw/5441f772ac826b903eda1daf9a9e5adf0e6c3ac2/Modern%20Robotics%20Building%20Versatile%20Macines%20-%20Harry%20Henderson.pdf
72,Multi-Arm Cooperating Robots- Dynamics and Control - Zivanovic and Vukobratovic.pdf,Multi-Arm Cooperating Robots- Dynamics and Control - Zivanovic and Vukobratovic,4166540,4.0 MiB,2d6a124ee1816b52f2b03e82cf1f0c02739a432e,sha1,unknown,False,skip,unknown copyright/license status; do not redistribute or import,,,unknown,low,en,https://api.github.com/repos/jimmyval92/robotics_ebooks/git/blobs/2d6a124ee1816b52f2b03e82cf1f0c02739a432e,https://github.com/jimmyval92/robotics_ebooks/raw/5441f772ac826b903eda1daf9a9e5adf0e6c3ac2/Multi-Arm%20Cooperating%20Robots-%20Dynamics%20and%20Control%20-%20Zivanovic%20and%20Vukobratovic.pdf
73,Multi-Robot Systems From Swarms to Intelligent Automata - Parker et al (Eds).pdf,Multi-Robot Systems From Swarms to Intelligent Automata - Parker et al (Eds),7380214,7.0 MiB,081cd2c30514c77e09e9c4a29455dbf32935d7aa,sha1,unknown,False,skip,unknown copyright/license status; do not redistribute or import,,,unknown,low,en,https://api.github.com/repos/jimmyval92/robotics_ebooks/git/blobs/081cd2c30514c77e09e9c4a29455dbf32935d7aa,https://github.com/jimmyval92/robotics_ebooks/raw/5441f772ac826b903eda1daf9a9e5adf0e6c3ac2/Multi-Robot%20Systems%20From%20Swarms%20to%20Intelligent%20Automata%20-%20Parker%20et%20al%20%28Eds%29.pdf
74,Nano- and Micro Eelectromechanical Systems - S.E. Lyshevski.pdf,Nano- and Micro Eelectromechanical Systems - S.E. Lyshevski,6642272,6.3 MiB,a8fae8504013825a320c1801d450c7d22a550c1f,sha1,unknown,False,skip,unknown copyright/license status; do not redistribute or import,,,unknown,low,en,https://api.github.com/repos/jimmyval92/robotics_ebooks/git/blobs/a8fae8504013825a320c1801d450c7d22a550c1f,https://github.com/jimmyval92/robotics_ebooks/raw/5441f772ac826b903eda1daf9a9e5adf0e6c3ac2/Nano-%20and%20Micro%20Eelectromechanical%20Systems%20-%20S.E.%20Lyshevski.pdf
75,Neural Preprocessing and Control of Reactive Walking Machines - Manoonpong.pdf,Neural Preprocessing and Control of Reactive Walking Machines - Manoonpong,7014357,6.7 MiB,14df6c64945dadeba2e422cb241ecf7256658e4c,sha1,unknown,False,skip,unknown copyright/license status; do not redistribute or import,,,unknown,low,en,https://api.github.com/repos/jimmyval92/robotics_ebooks/git/blobs/14df6c64945dadeba2e422cb241ecf7256658e4c,https://github.com/jimmyval92/robotics_ebooks/raw/5441f772ac826b903eda1daf9a9e5adf0e6c3ac2/Neural%20Preprocessing%20and%20Control%20of%20Reactive%20Walking%20Machines%20-%20Manoonpong.pdf
76,Neurotechnology for Biomimetic Robots - Joseph Ayers.pdf,Neurotechnology for Biomimetic Robots - Joseph Ayers,68163261,65.0 MiB,32d5b19c62c7f34212b69c715c5db555282447f3,sha1,unknown,False,skip,unknown copyright/license status; do not redistribute or import,,,likely_scanned_or_image_heavy,low,en,https://api.github.com/repos/jimmyval92/robotics_ebooks/git/blobs/32d5b19c62c7f34212b69c715c5db555282447f3,https://github.com/jimmyval92/robotics_ebooks/raw/5441f772ac826b903eda1daf9a9e5adf0e6c3ac2/Neurotechnology%20for%20Biomimetic%20Robots%20-%20Joseph%20Ayers.pdf
77,PDA Robotics  - Douglas H Williams.pdf,PDA Robotics  - Douglas H Williams,2979596,2.8 MiB,21bb72819ca3ccd5c2949950c77e82a90b69abd3,sha1,unknown,False,skip,unknown copyright/license status; do not redistribute or import,,,unknown,low,en,https://api.github.com/repos/jimmyval92/robotics_ebooks/git/blobs/21bb72819ca3ccd5c2949950c77e82a90b69abd3,https://github.com/jimmyval92/robotics_ebooks/raw/5441f772ac826b903eda1daf9a9e5adf0e6c3ac2/PDA%20Robotics%20%20-%20Douglas%20H%20Williams.pdf
78,PIC Robotics - John Iovine.pdf,PIC Robotics - John Iovine,32252832,30.8 MiB,7a6c32c478b3f2e7eb8f7f389718e2115cdddf05,sha1,unknown,False,skip,unknown copyright/license status; do not redistribute or import,,,unknown,low,en,https://api.github.com/repos/jimmyval92/robotics_ebooks/git/blobs/7a6c32c478b3f2e7eb8f7f389718e2115cdddf05,https://github.com/jimmyval92/robotics_ebooks/raw/5441f772ac826b903eda1daf9a9e5adf0e6c3ac2/PIC%20Robotics%20-%20John%20Iovine.pdf
79,Principles and Applications of NanoMEMS Physics - Hector J. De Los Santos.pdf,Principles and Applications of NanoMEMS Physics - Hector J. De Los Santos,4976298,4.7 MiB,3cf427dcd505fae14060e86bc59c8811cf50aa49,sha1,unknown,False,skip,unknown copyright/license status; do not redistribute or import,,,unknown,low,en,https://api.github.com/repos/jimmyval92/robotics_ebooks/git/blobs/3cf427dcd505fae14060e86bc59c8811cf50aa49,https://github.com/jimmyval92/robotics_ebooks/raw/5441f772ac826b903eda1daf9a9e5adf0e6c3ac2/Principles%20and%20Applications%20of%20NanoMEMS%20Physics%20-%20Hector%20J.%20De%20Los%20Santos.pdf
80,Rapid Learning in Robotics - Jorg Walter.pdf,Rapid Learning in Robotics - Jorg Walter,1792568,1.7 MiB,e4c4c57ec4c661c94ef09a3fc04857dd42a46840,sha1,unknown,False,skip,unknown copyright/license status; do not redistribute or import,,,likely_text_native,low,en,https://api.github.com/repos/jimmyval92/robotics_ebooks/git/blobs/e4c4c57ec4c661c94ef09a3fc04857dd42a46840,https://github.com/jimmyval92/robotics_ebooks/raw/5441f772ac826b903eda1daf9a9e5adf0e6c3ac2/Rapid%20Learning%20in%20Robotics%20-%20Jorg%20Walter.pdf
81,Recent Advances in Mechatronics - Ryszard Jabonski et al (Eds).pdf,Recent Advances in Mechatronics - Ryszard Jabonski et al (Eds),44633560,42.6 MiB,7ab8eea7f47d2a4453a7e000c7783118ca2d3135,sha1,unknown,False,skip,unknown copyright/license status; do not redistribute or import,,,likely_scanned_or_image_heavy,low,en,https://api.github.com/repos/jimmyval92/robotics_ebooks/git/blobs/7ab8eea7f47d2a4453a7e000c7783118ca2d3135,https://github.com/jimmyval92/robotics_ebooks/raw/5441f772ac826b903eda1daf9a9e5adf0e6c3ac2/Recent%20Advances%20in%20Mechatronics%20-%20Ryszard%20Jabonski%20et%20al%20%28Eds%29.pdf
82,Robot Builders Bonanza - Gordon Mccomb.pdf,Robot Builders Bonanza - Gordon Mccomb,11499562,11.0 MiB,6174c7becca42db442d22bae2fb6dd0debfcfd9b,sha1,unknown,False,skip,unknown copyright/license status; do not redistribute or import,,,unknown,low,en,https://api.github.com/repos/jimmyval92/robotics_ebooks/git/blobs/6174c7becca42db442d22bae2fb6dd0debfcfd9b,https://github.com/jimmyval92/robotics_ebooks/raw/5441f772ac826b903eda1daf9a9e5adf0e6c3ac2/Robot%20Builders%20Bonanza%20-%20Gordon%20Mccomb.pdf
83,Robot Builders Source Book - Gordon McComb.pdf,Robot Builders Source Book - Gordon McComb,56776486,54.1 MiB,542340fd47a8a1cc545c498eaf76f78857106a1a,sha1,unknown,False,skip,unknown copyright/license status; do not redistribute or import,,,likely_scanned_or_image_heavy,low,en,https://api.github.com/repos/jimmyval92/robotics_ebooks/git/blobs/542340fd47a8a1cc545c498eaf76f78857106a1a,https://github.com/jimmyval92/robotics_ebooks/raw/5441f772ac826b903eda1daf9a9e5adf0e6c3ac2/Robot%20Builders%20Source%20Book%20-%20Gordon%20McComb.pdf
84,Robot Manipulator Control Theory and Practice - Frank L.Lewis.pdf,Robot Manipulator Control Theory and Practice - Frank L.Lewis,11505077,11.0 MiB,e0924e3f3b191b8240695e2a821f2800ee75e0b2,sha1,unknown,False,skip,unknown copyright/license status; do not redistribute or import,,,unknown,low,en,https://api.github.com/repos/jimmyval92/robotics_ebooks/git/blobs/e0924e3f3b191b8240695e2a821f2800ee75e0b2,https://github.com/jimmyval92/robotics_ebooks/raw/5441f772ac826b903eda1daf9a9e5adf0e6c3ac2/Robot%20Manipulator%20Control%20Theory%20and%20Practice%20-%20Frank%20L.Lewis.pdf
85,Robot Mechanisms and Mechanical Devices Illustrated - Paul E Sandin.pdf,Robot Mechanisms and Mechanical Devices Illustrated - Paul E Sandin,6791134,6.5 MiB,13a1090f6c5c36a8c2d0b0bd5bb4a4bdd0921741,sha1,unknown,False,skip,unknown copyright/license status; do not redistribute or import,,,unknown,low,en,https://api.github.com/repos/jimmyval92/robotics_ebooks/git/blobs/13a1090f6c5c36a8c2d0b0bd5bb4a4bdd0921741,https://github.com/jimmyval92/robotics_ebooks/raw/5441f772ac826b903eda1daf9a9e5adf0e6c3ac2/Robot%20Mechanisms%20and%20Mechanical%20Devices%20Illustrated%20-%20Paul%20E%20Sandin.pdf
86,Robot Motion Planning and Control - J.P. Laumond.pdf,Robot Motion Planning and Control - J.P. Laumond,22385582,21.3 MiB,e6159145e934bc4326eb89bbacebf1db1c1af444,sha1,unknown,False,skip,unknown copyright/license status; do not redistribute or import,,,unknown,low,en,https://api.github.com/repos/jimmyval92/robotics_ebooks/git/blobs/e6159145e934bc4326eb89bbacebf1db1c1af444,https://github.com/jimmyval92/robotics_ebooks/raw/5441f772ac826b903eda1daf9a9e5adf0e6c3ac2/Robot%20Motion%20Planning%20and%20Control%20-%20J.P.%20Laumond.pdf
87,Robot Motion and Control - M Thoma & M Morari.pdf,Robot Motion and Control - M Thoma & M Morari,23770113,22.7 MiB,9c15e6505660e1cadcb23936a14671ce89205bed,sha1,unknown,False,skip,unknown copyright/license status; do not redistribute or import,,,unknown,low,en,https://api.github.com/repos/jimmyval92/robotics_ebooks/git/blobs/9c15e6505660e1cadcb23936a14671ce89205bed,https://github.com/jimmyval92/robotics_ebooks/raw/5441f772ac826b903eda1daf9a9e5adf0e6c3ac2/Robot%20Motion%20and%20Control%20-%20M%20Thoma%20%26%20M%20Morari.pdf
88,Robot Vision - Stefan Florczyk.pdf,Robot Vision - Stefan Florczyk,2399881,2.3 MiB,9e4d9eda08cc2be4001117a8152a9fd700d3f72e,sha1,unknown,False,skip,unknown copyright/license status; do not redistribute or import,,,unknown,low,en,https://api.github.com/repos/jimmyval92/robotics_ebooks/git/blobs/9e4d9eda08cc2be4001117a8152a9fd700d3f72e,https://github.com/jimmyval92/robotics_ebooks/raw/5441f772ac826b903eda1daf9a9e5adf0e6c3ac2/Robot%20Vision%20-%20Stefan%20Florczyk.pdf
89,Robotics Demystified - Edwin Wise.pdf,Robotics Demystified - Edwin Wise,6843539,6.5 MiB,6d2f28fd33c2c7d03a6578707dbd441b21de2dca,sha1,unknown,False,skip,unknown copyright/license status; do not redistribute or import,,,unknown,low,en,https://api.github.com/repos/jimmyval92/robotics_ebooks/git/blobs/6d2f28fd33c2c7d03a6578707dbd441b21de2dca,https://github.com/jimmyval92/robotics_ebooks/raw/5441f772ac826b903eda1daf9a9e5adf0e6c3ac2/Robotics%20Demystified%20-%20Edwin%20Wise.pdf
90,Robotics Designing the Mechanisms for Automated Machinery - Sandier.pdf,Robotics Designing the Mechanisms for Automated Machinery - Sandier,10475224,10.0 MiB,b778a79ce8a22c995dca4db569d2eaa8e5913a74,sha1,unknown,False,skip,unknown copyright/license status; do not redistribute or import,,,unknown,low,en,https://api.github.com/repos/jimmyval92/robotics_ebooks/git/blobs/b778a79ce8a22c995dca4db569d2eaa8e5913a74,https://github.com/jimmyval92/robotics_ebooks/raw/5441f772ac826b903eda1daf9a9e5adf0e6c3ac2/Robotics%20Designing%20the%20Mechanisms%20for%20Automated%20Machinery%20-%20Sandier.pdf
91,Robots Androids and Animatrons - John Lovine.pdf,Robots Androids and Animatrons - John Lovine,6085695,5.8 MiB,e916f31179ce448901174a7863121f42aeb6a192,sha1,unknown,False,skip,unknown copyright/license status; do not redistribute or import,,,unknown,low,en,https://api.github.com/repos/jimmyval92/robotics_ebooks/git/blobs/e916f31179ce448901174a7863121f42aeb6a192,https://github.com/jimmyval92/robotics_ebooks/raw/5441f772ac826b903eda1daf9a9e5adf0e6c3ac2/Robots%20Androids%20and%20Animatrons%20-%20John%20Lovine.pdf
92,Scientific Methods in Mobile Robotics - Ulrich Nehmzow.pdf,Scientific Methods in Mobile Robotics - Ulrich Nehmzow,5823430,5.6 MiB,0ef2274d0e076e106772a2fe2b373fc15cb3e108,sha1,unknown,False,skip,unknown copyright/license status; do not redistribute or import,,,unknown,low,en,https://api.github.com/repos/jimmyval92/robotics_ebooks/git/blobs/0ef2274d0e076e106772a2fe2b373fc15cb3e108,https://github.com/jimmyval92/robotics_ebooks/raw/5441f772ac826b903eda1daf9a9e5adf0e6c3ac2/Scientific%20Methods%20in%20Mobile%20Robotics%20-%20Ulrich%20Nehmzow.pdf
93,Sensing Intelligence Motion - How Robots & Humans Move - Vladimir J. Lumelsky.pdf,Sensing Intelligence Motion - How Robots & Humans Move - Vladimir J. Lumelsky,7433988,7.1 MiB,b04f269582b0bf23b7db691aa7daa3e7533c12e1,sha1,unknown,False,skip,unknown copyright/license status; do not redistribute or import,,,unknown,low,en,https://api.github.com/repos/jimmyval92/robotics_ebooks/git/blobs/b04f269582b0bf23b7db691aa7daa3e7533c12e1,https://github.com/jimmyval92/robotics_ebooks/raw/5441f772ac826b903eda1daf9a9e5adf0e6c3ac2/Sensing%20Intelligence%20Motion%20-%20How%20Robots%20%26%20Humans%20Move%20-%20Vladimir%20J.%20Lumelsky.pdf
94,Smart Material Systems and MEMS - Vijay K. Varadan.pdf,Smart Material Systems and MEMS - Vijay K. Varadan,19031081,18.1 MiB,5ea4dcdc8935465f20b8053d5244c26523f04726,sha1,unknown,False,skip,unknown copyright/license status; do not redistribute or import,,,unknown,low,en,https://api.github.com/repos/jimmyval92/robotics_ebooks/git/blobs/5ea4dcdc8935465f20b8053d5244c26523f04726,https://github.com/jimmyval92/robotics_ebooks/raw/5441f772ac826b903eda1daf9a9e5adf0e6c3ac2/Smart%20Material%20Systems%20and%20MEMS%20-%20Vijay%20K.%20Varadan.pdf
95,Socially Intel. Agents Creating Rels. with Comp. & Robots - Dautenhahn et al (Eds).pdf,Socially Intel. Agents Creating Rels. with Comp. & Robots - Dautenhahn et al (Eds),2110369,2.0 MiB,01d979bf57262ef3a42378c3cdec9f87fc76c8ed,sha1,unknown,False,skip,unknown copyright/license status; do not redistribute or import,,,unknown,low,en,https://api.github.com/repos/jimmyval92/robotics_ebooks/git/blobs/01d979bf57262ef3a42378c3cdec9f87fc76c8ed,https://github.com/jimmyval92/robotics_ebooks/raw/5441f772ac826b903eda1daf9a9e5adf0e6c3ac2/Socially%20Intel.%20Agents%20Creating%20Rels.%20with%20Comp.%20%26%20Robots%20-%20Dautenhahn%20et%20al%20%28Eds%29.pdf
96,Software Engineering for Experimental Robotics - Davide Brugali et al.pdf,Software Engineering for Experimental Robotics - Davide Brugali et al,10596858,10.1 MiB,5ecfd4b42745912b18fa5e403ffe85a384c2ab85,sha1,unknown,False,skip,unknown copyright/license status; do not redistribute or import,,,unknown,low,en,https://api.github.com/repos/jimmyval92/robotics_ebooks/git/blobs/5ecfd4b42745912b18fa5e403ffe85a384c2ab85,https://github.com/jimmyval92/robotics_ebooks/raw/5441f772ac826b903eda1daf9a9e5adf0e6c3ac2/Software%20Engineering%20for%20Experimental%20Robotics%20-%20Davide%20Brugali%20et%20al.pdf
97,Squeak Learn Programming with Robots - Stephane Ducasse.pdf,Squeak Learn Programming with Robots - Stephane Ducasse,2917986,2.8 MiB,911cfaf81f5e81d46e339c166170a6fefc535f6b,sha1,unknown,False,skip,unknown copyright/license status; do not redistribute or import,,,unknown,low,en,https://api.github.com/repos/jimmyval92/robotics_ebooks/git/blobs/911cfaf81f5e81d46e339c166170a6fefc535f6b,https://github.com/jimmyval92/robotics_ebooks/raw/5441f772ac826b903eda1daf9a9e5adf0e6c3ac2/Squeak%20Learn%20Programming%20with%20Robots%20-%20Stephane%20Ducasse.pdf
98,The Definitive Guide to Building Java Robots - Scott Preston.pdf,The Definitive Guide to Building Java Robots - Scott Preston,18488933,17.6 MiB,510ea7f4bfd389d211400c31918eb33a5e275e60,sha1,unknown,False,skip,unknown copyright/license status; do not redistribute or import,,,unknown,low,en,https://api.github.com/repos/jimmyval92/robotics_ebooks/git/blobs/510ea7f4bfd389d211400c31918eb33a5e275e60,https://github.com/jimmyval92/robotics_ebooks/raw/5441f772ac826b903eda1daf9a9e5adf0e6c3ac2/The%20Definitive%20Guide%20to%20Building%20Java%20Robots%20-%20Scott%20Preston.pdf
99,The MEMS Handbook (1st Ed) - M. Gad el Hak.pdf,The MEMS Handbook (1st Ed) - M. Gad el Hak,70181180,66.9 MiB,dfea1ca68836d5d9f7ca5bd1f8f709fc60de544f,sha1,unknown,False,skip,unknown copyright/license status; do not redistribute or import,,,likely_scanned_or_image_heavy,low,en,https://api.github.com/repos/jimmyval92/robotics_ebooks/git/blobs/dfea1ca68836d5d9f7ca5bd1f8f709fc60de544f,https://github.com/jimmyval92/robotics_ebooks/raw/5441f772ac826b903eda1daf9a9e5adf0e6c3ac2/The%20MEMS%20Handbook%20%281st%20Ed%29%20-%20M.%20Gad%20el%20Hak.pdf
100,The MEMS Handbook Introduction & Fundamentals (2nd Ed) - M. Gad el Hak.pdf,The MEMS Handbook Introduction & Fundamentals (2nd Ed) - M. Gad el Hak,17539882,16.7 MiB,2d6184b0ae8779b1750adb867a8f7a044c838d17,sha1,unknown,False,skip,unknown copyright/license status; do not redistribute or import,,,unknown,low,en,https://api.github.com/repos/jimmyval92/robotics_ebooks/git/blobs/2d6184b0ae8779b1750adb867a8f7a044c838d17,https://github.com/jimmyval92/robotics_ebooks/raw/5441f772ac826b903eda1daf9a9e5adf0e6c3ac2/The%20MEMS%20Handbook%20Introduction%20%26%20Fundamentals%20%282nd%20Ed%29%20-%20M.%20Gad%20el%20Hak.pdf
101,The MEMS Handbook MEMS Applications (2nd Ed) - M. Gad el Hak.pdf,The MEMS Handbook MEMS Applications (2nd Ed) - M. Gad el Hak,27333938,26.1 MiB,01ff0624287c007490377767f46da9c4695c84e9,sha1,unknown,False,skip,unknown copyright/license status; do not redistribute or import,,,unknown,low,en,https://api.github.com/repos/jimmyval92/robotics_ebooks/git/blobs/01ff0624287c007490377767f46da9c4695c84e9,https://github.com/jimmyval92/robotics_ebooks/raw/5441f772ac826b903eda1daf9a9e5adf0e6c3ac2/The%20MEMS%20Handbook%20MEMS%20Applications%20%282nd%20Ed%29%20-%20M.%20Gad%20el%20Hak.pdf
102,The MEMS Handbook MEMS Design (2nd Ed) - M. Gad el Hak.pdf,The MEMS Handbook MEMS Design (2nd Ed) - M. Gad el Hak,45611346,43.5 MiB,b25269050276db3ad79a68fab0ae9d6ac124ca36,sha1,unknown,False,skip,unknown copyright/license status; do not redistribute or import,,,likely_scanned_or_image_heavy,low,en,https://api.github.com/repos/jimmyval92/robotics_ebooks/git/blobs/b25269050276db3ad79a68fab0ae9d6ac124ca36,https://github.com/jimmyval92/robotics_ebooks/raw/5441f772ac826b903eda1daf9a9e5adf0e6c3ac2/The%20MEMS%20Handbook%20MEMS%20Design%20%282nd%20Ed%29%20-%20M.%20Gad%20el%20Hak.pdf
103,The Ultimate Palm Robot - Kevin Mukhar and Dave Johnson.pdf,The Ultimate Palm Robot - Kevin Mukhar and Dave Johnson,6124839,5.8 MiB,b9b6c8ed271d092f15bcdf03b8ff56a053b184ae,sha1,unknown,False,skip,unknown copyright/license status; do not redistribute or import,,,unknown,low,en,https://api.github.com/repos/jimmyval92/robotics_ebooks/git/blobs/b9b6c8ed271d092f15bcdf03b8ff56a053b184ae,https://github.com/jimmyval92/robotics_ebooks/raw/5441f772ac826b903eda1daf9a9e5adf0e6c3ac2/The%20Ultimate%20Palm%20Robot%20-%20Kevin%20Mukhar%20and%20Dave%20Johnson.pdf
104,Underwater Robots - Gianluca Antonelli.pdf,Underwater Robots - Gianluca Antonelli,7966293,7.6 MiB,8f954e89ca756b44727d3f353cdb57a0eb4748fb,sha1,unknown,False,skip,unknown copyright/license status; do not redistribute or import,,,unknown,low,en,https://api.github.com/repos/jimmyval92/robotics_ebooks/git/blobs/8f954e89ca756b44727d3f353cdb57a0eb4748fb,https://github.com/jimmyval92/robotics_ebooks/raw/5441f772ac826b903eda1daf9a9e5adf0e6c3ac2/Underwater%20Robots%20-%20Gianluca%20Antonelli.pdf
105,Visual Perception and Robotic Manipulation - Taylor & Kleeman.pdf,Visual Perception and Robotic Manipulation - Taylor & Kleeman,6697916,6.4 MiB,2814a2f16d68e264d35fc049d5b32bf04f33f4a7,sha1,unknown,False,skip,unknown copyright/license status; do not redistribute or import,,,unknown,low,en,https://api.github.com/repos/jimmyval92/robotics_ebooks/git/blobs/2814a2f16d68e264d35fc049d5b32bf04f33f4a7,https://github.com/jimmyval92/robotics_ebooks/raw/5441f772ac826b903eda1daf9a9e5adf0e6c3ac2/Visual%20Perception%20and%20Robotic%20Manipulation%20-%20Taylor%20%26%20Kleeman.pdf
106,Welding Robots Technology System Issues and Applications - J Norberto Pires.pdf,Welding Robots Technology System Issues and Applications - J Norberto Pires,2569002,2.4 MiB,aed04c495c2b3611df8ef07970f5bea336971f88,sha1,unknown,False,skip,unknown copyright/license status; do not redistribute or import,,,unknown,low,en,https://api.github.com/repos/jimmyval92/robotics_ebooks/git/blobs/aed04c495c2b3611df8ef07970f5bea336971f88,https://github.com/jimmyval92/robotics_ebooks/raw/5441f772ac826b903eda1daf9a9e5adf0e6c3ac2/Welding%20Robots%20Technology%20System%20Issues%20and%20Applications%20-%20J%20Norberto%20Pires.pdf
107,Who Needs Emotions The Brain Meets the Robot - Fellous & Arbib.pdf,Who Needs Emotions The Brain Meets the Robot - Fellous & Arbib,6914225,6.6 MiB,03bbdb5d3e3f34027d41b38b2773b1b64a6c3299,sha1,unknown,False,skip,unknown copyright/license status; do not redistribute or import,,,unknown,low,en,https://api.github.com/repos/jimmyval92/robotics_ebooks/git/blobs/03bbdb5d3e3f34027d41b38b2773b1b64a6c3299,https://github.com/jimmyval92/robotics_ebooks/raw/5441f772ac826b903eda1daf9a9e5adf0e6c3ac2/Who%20Needs%20Emotions%20The%20Brain%20Meets%20the%20Robot%20-%20Fellous%20%26%20Arbib.pdf
